ax_rms,ax_var,ax_energy,ax_ptp,ax_skew,ax_kurt,ay_rms,ay_var,ay_energy,ay_ptp,ay_skew,ay_kurt,az_rms,az_var,az_energy,az_ptp,az_skew,az_kurt,gx_rms,gx_var,gx_energy,gx_ptpgx_skew,gx_kurt,gy_rms,gy_var,gy_energy,gy_ptp,gy_skew,gy_kurt,gz_rms,gz_var,gz_energy,gz_ptp,gz_skew,gz_kurt,xcorr_ax_ay,xcorr_ax_az,xcorr_ay_az,xcorr_gx_gy,xcorr_gx_gz,xcorr_gy_gz
0.055808,0.003114,0.003115,1.127669,2.185311,70.744987,0.014306,0.000204,0.000205,0.193930,0.622970,10.271234,9.804615,0.002866,96.130470,0.957681,-1.342926,54.191280,0.082778,0.006818,0.006852,1.465649,-2.353687,40.255478,0.229413,0.052625,0.052630,5.114504,-0.233341,96.379753,0.089508,0.007114,0.008012,0.503817,-0.550532,0.841769,-0.015516,0.402106,0.253633,0.127031,-0.187900,0.053315
0.055333,0.003062,0.003062,1.127669,2.284020,73.392998,0.013396,0.000179,0.000179,0.193930,0.682597,13.677270,9.804539,0.002837,96.128975,0.957681,-1.358680,55.371048,0.082429,0.006794,0.006794,1.465649,-2.536048,41.367737,0.230026,0.052892,0.052912,5.114504,-0.146636,95.359741,0.085945,0.006324,0.007387,0.488550,-0.813526,1.434411,0.022522,0.403401,0.268427,0.129636,-0.134351,0.037754
0.017232,0.000296,0.000297,0.147243,0.600763,2.701085,0.011704,0.000135,0.000137,0.089783,-0.251408,1.161813,9.805000,0.000273,96.138023,0.098162,-0.220473,0.221419,0.045437,0.002064,0.002065,0.259542,0.031641,-0.137268,0.060667,0.003673,0.003680,0.351145,0.237565,0.046109,0.081085,0.004452,0.006575,0.412214,0.002751,-0.002412,-0.341569,0.103201,-0.027667,-0.013684,-0.170147,0.055947
0.018837,0.000355,0.000355,0.147243,0.403928,1.762608,0.014621,0.000213,0.000214,0.104148,-0.140856,1.160372,9.804008,0.000310,96.118584,0.111330,-0.065400,0.283875,0.046957,0.002197,0.002205,0.274809,-0.197600,-0.182263,0.057799,0.003323,0.003341,0.351145,0.133184,0.100511,0.080977,0.004707,0.006557,0.412214,-0.017467,-0.138038,-0.524165,0.154179,-0.066296,-0.071375,-0.162170,0.087414
0.015108,0.000228,0.000228,0.096965,0.046550,0.629108,0.013990,0.000193,0.000196,0.104148,-0.020407,1.106367,9.805562,0.000329,96.149055,0.111330,-0.110188,0.024485,0.047322,0.002212,0.002239,0.290076,-0.096419,-0.015493,0.054972,0.003022,0.003022,0.290076,-0.196806,-0.102175,0.072920,0.004060,0.005317,0.335878,0.167292,-0.415777,-0.489937,0.191317,-0.126827,-0.089536,-0.086564,0.137179
0.041650,0.001735,0.001735,0.465672,0.873620,13.049929,0.029828,0.000888,0.000890,0.306458,0.921653,9.457984,9.804789,0.001812,96.133873,0.653618,0.777656,23.158060,0.099010,0.009701,0.009803,1.145038,2.450149,16.791302,0.155394,0.024048,0.024147,2.778626,-6.720159,92.662872,0.182806,0.028931,0.033418,1.587786,3.144966,16.061731,-0.490344,0.462150,-0.046139,-0.356876,-0.111505,0.072907
0.044311,0.001959,0.001963,0.465672,0.636470,9.574168,0.033008,0.001083,0.001090,0.306458,0.545275,5.569963,9.804116,0.001830,96.120689,0.653618,0.805947,22.710960,0.100297,0.009919,0.010059,1.145038,2.333590,15.785977,0.157393,0.024772,0.024772,2.778626,-6.567087,88.776466,0.187496,0.031097,0.035155,1.587786,2.795547,13.843815,-0.559435,0.438421,-0.047631,-0.348469,-0.140174,0.051656
0.020182,0.000395,0.000407,0.130484,0.143333,0.485835,0.018424,0.000329,0.000339,0.110133,-0.391410,0.648349,9.805818,0.000346,96.154060,0.111331,0.029301,-0.075326,0.050335,0.002399,0.002534,0.244275,0.041773,-0.399276,0.062208,0.003810,0.003870,0.396947,-0.093498,0.284283,0.081078,0.005468,0.006574,0.503817,-0.326225,1.082817,-0.658211,0.053532,-0.061972,-0.087369,-0.143018,-0.056049
0.015831,0.000237,0.000251,0.104148,-0.040304,0.444029,0.012858,0.000133,0.000165,0.063446,-0.074124,-0.478094,9.806050,0.000383,96.158623,0.108936,-0.020967,-0.200395,0.046364,0.002121,0.002150,0.259542,0.015388,-0.213772,0.067180,0.004513,0.004513,0.580153,-0.641062,2.489505,0.065972,0.002749,0.004352,0.320611,0.189198,-0.014956,-0.075212,0.079768,0.059846,-0.021095,0.057492,-0.143199
0.069071,0.004763,0.004771,1.055843,-0.459432,26.500294,0.051578,0.002618,0.002660,0.571017,-0.296445,13.677145,9.805563,0.002398,96.149071,0.749385,-1.667363,30.001575,0.084963,0.007190,0.007219,1.022901,-2.179771,16.358593,0.160947,0.025894,0.025904,2.412214,1.990934,28.809315,0.247678,0.057876,0.061344,2.687023,3.178853,23.517347,-0.683366,0.446329,-0.205850,-0.058533,-0.603670,0.277147
0.087620,0.007658,0.007677,1.055843,-0.060466,9.424213,0.071326,0.005065,0.005087,0.571017,-0.359705,3.204073,9.805077,0.003360,96.139526,0.749385,-0.841707,16.092812,0.111571,0.012404,0.012448,1.282443,-0.291179,6.761985,0.177858,0.031527,0.031633,2.412214,1.331096,19.080778,0.336375,0.110309,0.113148,3.038168,0.524477,6.959588,-0.787516,0.411350,-0.234018,-0.175787,-0.684084,0.313813
0.066254,0.004383,0.004390,0.418985,0.451833,0.636729,0.056906,0.003217,0.003238,0.447716,-0.551249,1.585408,9.806609,0.003884,96.169579,0.653617,0.178627,8.385257,0.106772,0.011376,0.011400,0.961832,0.791682,2.984835,0.159943,0.025296,0.025582,1.526718,-0.439650,5.671536,0.279219,0.076776,0.077963,1.770992,-1.023642,2.599747,-0.837181,0.258489,-0.143560,-0.156748,-0.645618,0.283825
0.923177,0.796414,0.852256,6.703765,2.000207,6.331428,0.770272,0.573622,0.593319,4.921282,0.810397,3.282686,9.871469,1.271573,97.445892,8.756793,0.601898,3.640620,38.442829,1471.683838,1477.851074,204.854965,-1.003211,2.516649,23.296709,502.102356,542.736633,145.480927,-1.688161,3.170595,19.154459,366.893127,366.893280,133.938934,-0.380280,4.424790,0.284242,0.079802,-0.515039,0.430215,-0.306612,-0.547621
1.429698,1.378116,2.044037,6.703765,0.353475,-0.204048,1.312130,1.404073,1.721686,5.780800,0.172085,-0.188886,10.044751,4.686777,100.897026,9.934740,0.135661,-0.728088,80.061050,6344.765625,6409.771484,353.923645,-0.760738,0.161873,39.152554,1528.713257,1532.922363,172.595428,0.321956,0.033691,31.998335,1001.505676,1023.893433,144.656494,-0.551783,0.459953,0.151169,0.388984,-0.469070,0.475526,-0.465328,-0.744800
1.571093,0.692797,2.468335,3.849876,-0.550759,-0.384515,1.292877,1.442221,1.671532,6.102820,0.420738,-0.539508,10.405522,6.977432,108.274902,18.728643,0.408627,0.795683,78.178780,6111.917480,6111.921875,353.923645,-0.454984,-0.032851,33.797031,1129.480835,1142.239380,151.175568,0.703099,0.473703,28.215742,778.451782,796.128052,132.885498,-0.918467,1.325556,-0.212660,0.604705,-0.366690,0.351817,-0.520805,-0.700953
2.143059,2.672831,4.592700,11.257536,-0.384854,3.431194,1.124239,1.243542,1.263914,5.088876,0.240177,-0.563179,10.332850,6.337566,106.767784,18.957291,0.429113,1.563839,56.685410,3202.604492,3213.235840,263.862610,0.606335,-0.009926,24.817209,615.883362,615.893921,116.564880,0.379087,-0.126555,76.277351,5740.387695,5818.234375,464.748077,-1.835915,5.870702,-0.223299,0.416923,-0.101921,-0.220783,-0.455490,0.172474
2.492545,4.690293,6.212780,11.257536,-0.252113,0.031229,1.357613,1.738912,1.843112,5.862203,-0.267748,-0.606560,9.996325,4.459723,99.926498,9.216479,-0.102456,-0.523654,75.007599,5565.202148,5626.139648,324.030518,-0.381331,-0.501792,31.016438,960.747437,962.019348,132.916031,-0.009485,-0.514635,113.818977,12943.775391,12954.759766,559.343506,-0.313490,0.199747,0.054527,0.549806,-0.058047,0.300452,-0.729977,-0.180910
2.171552,4.117905,4.715639,8.732851,-0.096763,-0.962039,1.600811,2.496025,2.562596,9.501390,-0.624651,1.288161,9.906637,3.546187,98.141464,26.069265,-0.285641,12.283539,92.567200,8107.428711,8568.686523,436.290070,-0.159614,-0.396553,52.179623,2680.897461,2722.712891,313.770996,-0.148124,1.385115,106.723953,11034.241211,11390.002930,453.816803,-0.119952,-0.599863,0.052493,0.473678,-0.147857,0.740461,-0.785167,-0.617841
1.670504,2.499182,2.790582,7.574057,-0.099433,-0.653209,1.857221,3.425630,3.449269,9.527726,0.024071,-0.202671,10.023971,5.239336,100.479980,26.069265,-0.297661,5.330978,116.856812,13654.291992,13655.514648,512.106873,-0.002795,-0.303688,59.629902,3554.940430,3555.725098,313.770996,-0.214914,0.118886,69.341072,4735.412109,4808.184082,363.160309,0.010871,0.802896,-0.375221,0.311752,-0.177548,0.824507,-0.696339,-0.798204
1.522994,1.715052,2.319510,7.170634,0.238895,-0.506260,2.071798,4.292153,4.292348,9.440337,0.575554,-0.310618,10.279415,6.565526,105.666374,21.329943,0.599507,2.788584,113.319901,12689.613281,12841.399414,511.862610,0.005510,-0.547122,43.853481,1906.234619,1923.127930,202.854950,-0.291090,-0.023025,36.376301,1321.542114,1323.235352,146.335876,0.329887,-0.771151,-0.528746,0.529900,-0.125032,0.801878,-0.823587,-0.723242
1.468189,1.286013,2.155580,7.170634,0.371320,0.301276,2.131299,3.759958,4.542434,9.440337,0.316561,-0.186195,10.012443,4.807034,100.249016,19.506758,1.303318,6.409455,71.331467,5085.556152,5088.178223,317.832062,0.164657,-0.530904,26.171444,668.839844,684.944458,153.114502,-0.503310,2.111381,29.674347,877.511414,880.566833,114.106865,0.763115,-0.371796,-0.386418,0.613508,-0.000882,0.476573,-0.678499,-0.483907
1.318599,0.744464,1.738704,4.292804,-0.125696,0.086373,2.072430,3.093743,4.294964,6.191405,0.746199,-0.831931,10.032050,3.537135,100.642021,7.067683,-0.021198,-1.104364,41.094795,1688.125977,1688.782349,199.725189,-0.166356,-0.348165,17.022036,288.493652,289.749695,75.709923,-0.088564,-0.314980,23.403923,545.328186,547.743591,86.931297,-0.223694,-1.004231,-0.516510,0.395567,0.134922,-0.057780,-0.382975,0.283148
1.418754,1.399961,2.012862,5.692214,-0.550142,-0.025251,1.879288,3.390567,3.531723,7.595605,0.810349,-0.327130,10.149924,3.131190,103.020966,6.977901,0.114520,-1.198206,33.124863,1090.110962,1097.256470,160.183212,-0.695698,0.308196,22.413286,497.385223,502.355377,83.679390,0.052745,-1.132886,29.586693,874.438110,875.372437,119.786263,-0.155914,-0.946712,-0.651573,0.395853,0.129553,-0.049773,-0.178938,0.486734
1.255001,1.088066,1.575027,5.692214,-0.646563,0.852752,1.502227,2.151019,2.256686,6.115988,0.187863,-0.730660,10.299598,6.327682,106.081711,11.361685,0.337545,-0.076357,26.764341,699.289490,716.329956,108.595413,0.030527,-0.741485,27.616268,761.939148,762.658264,96.870232,0.061033,-1.283453,26.464998,692.594971,700.396118,119.786263,0.169719,-0.334469,-0.631707,0.307672,0.114662,-0.500042,0.087749,0.297836
1.728219,2.965093,2.986741,7.448361,-1.456410,1.131370,1.865773,2.318120,3.481110,6.772000,0.648711,-0.365889,10.000446,10.462236,100.008934,12.591106,0.162903,-0.967532,41.566578,1609.027710,1727.780396,232.015259,0.229195,0.634366,51.109772,2257.713135,2612.208740,172.045807,0.180101,-0.854649,20.251534,366.933624,410.124603,110.625946,-0.660727,1.756034,-0.774792,0.319063,-0.063998,0.275237,0.103325,-0.379416
3.533525,12.332280,12.485803,16.724697,0.210119,-0.382270,2.531749,6.205700,6.409751,10.923545,-0.272825,-0.585782,9.257861,6.535079,85.707985,14.205996,0.335260,-0.084948,76.374306,5530.041992,5833.034180,317.419861,-0.372202,-0.240037,94.855537,8883.578125,8997.573242,379.099243,-0.172467,-1.004798,49.832577,2158.998291,2483.285645,242.625946,-0.571752,1.170152,-0.379291,0.302199,-0.068870,0.411590,0.007872,-0.615849
4.027449,15.604510,16.220348,16.724697,0.138262,-0.960843,3.012290,9.029491,9.073893,11.575965,0.462146,-0.769556,8.987829,3.143075,80.781075,13.017275,1.490130,5.170116,89.278847,7970.043457,7970.711914,342.961853,-0.210868,-1.075472,105.114433,8442.500977,11049.043945,379.099243,0.593099,-0.603609,77.850761,5844.062012,6060.741211,320.946564,0.000761,-0.810814,-0.277071,0.414087,-0.153499,0.236589,0.288579,-0.689592
3.853151,12.833266,14.846772,14.968550,-0.077977,-0.960925,3.047282,8.496444,9.285930,11.298238,0.034038,-0.957696,9.190286,4.365568,84.461349,15.235503,0.203216,1.682072,94.221214,8870.590820,8877.636719,444.717560,0.171880,0.053256,133.870041,17727.724609,17921.187500,694.213745,0.141947,-0.101065,97.387924,9151.185547,9484.408203,432.503815,0.738312,0.153113,-0.131829,0.470762,-0.102934,0.559593,-0.177432,-0.763822
3.984685,10.817376,15.877717,17.069462,-0.475986,0.133570,2.811566,6.528080,7.904902,11.075577,-0.131674,-0.586816,10.168889,8.075336,103.406303,18.922573,0.519935,1.305113,118.346306,14003.410156,14005.847656,629.099243,-0.508100,1.107709,180.577133,32268.496094,32608.103516,706.992371,-0.302045,-1.134384,95.044350,8338.464844,9033.428711,432.503815,1.073080,1.009876,0.024150,0.472768,0.135662,0.645772,-0.707210,-0.798681
3.755073,11.904592,14.100575,19.127277,-0.151598,0.104752,2.643011,6.028937,6.985507,11.510124,0.083458,-0.516563,10.321223,8.815236,106.527641,18.176779,0.754992,1.257507,108.969872,11859.003906,11874.432617,570.549622,-0.853281,1.526861,190.019104,35942.832031,36107.261719,624.381714,0.101444,-1.503754,90.228691,8125.736328,8141.216797,374.809143,0.098877,-0.726480,-0.071766,0.554456,0.165293,0.393128,-0.425955,-0.828297
3.698414,13.192917,13.678267,18.004398,0.166660,-0.626681,3.112394,7.103498,9.686996,13.142970,-0.136617,-0.257706,9.561591,7.965381,91.424026,19.215862,0.264825,0.946925,109.624901,11538.485352,12017.619141,465.129761,-0.461305,-0.251351,167.416611,27826.591797,28028.322266,582.885498,0.380602,-1.047812,90.865120,8147.403320,8256.470703,415.923645,-0.481053,-0.245180,-0.266305,0.498742,-0.000160,0.260738,-0.270232,-0.854235
3.163420,9.860048,10.007228,13.438654,0.396114,-0.643634,3.783991,11.967537,14.318584,14.269442,-0.427978,-0.830197,9.316200,7.921322,86.791588,13.903130,-0.144912,-0.260509,142.277695,20188.089844,20242.941406,597.358765,-0.040055,-0.939598,120.395287,14393.025391,14495.024414,490.030518,0.581349,-0.361435,62.623932,3920.275635,3921.756836,379.480896,-0.760563,1.774109,-0.517417,0.420901,-0.247193,0.586414,-0.460274,-0.786148
2.122914,4.330070,4.506765,9.971849,0.551795,0.191663,3.412930,9.911954,11.648089,12.082338,-0.441323,-0.777306,9.489721,7.130796,90.054810,12.084733,-0.335820,-0.714598,144.532608,20499.287109,20889.673828,529.648865,-0.278297,-1.143210,73.908524,5455.494629,5462.469727,300.748108,-0.043424,-0.602384,33.111038,1085.159424,1096.340820,133.480927,0.049887,-0.894950,-0.795590,0.525804,-0.499792,0.925854,-0.669586,-0.609567
2.081734,3.718603,4.333615,9.039309,-0.135735,-0.530548,2.694054,6.665444,7.257928,11.645397,0.293793,-0.830599,9.769023,6.642399,95.433807,11.609484,-0.124760,-0.756552,148.952148,22135.837891,22186.742188,536.564880,-0.201847,-1.232189,83.126411,6884.130859,6910.000488,282.412231,0.034954,-1.059209,37.623428,1313.600220,1415.522339,149.450378,-0.020445,-1.099917,-0.686847,0.555680,-0.354912,0.924297,-0.672550,-0.598021
2.250295,3.948134,5.063830,9.482236,-0.330591,-0.438384,2.396784,5.679266,5.744574,11.645397,0.663697,0.319458,10.235762,5.109795,104.770821,10.663774,0.118448,-0.329694,175.396683,30629.230469,30763.998047,643.358765,-0.161707,-1.097952,112.279129,12483.888672,12606.603516,434.351135,0.150448,-1.008597,38.921825,1455.206909,1514.908447,184.702286,-0.233480,-0.411181,-0.618667,0.561024,-0.380258,0.951989,-0.745637,-0.687842
2.248026,3.238528,5.053619,9.919178,0.023597,0.416212,2.551986,6.404333,6.512634,10.369287,0.217958,-0.904130,10.047071,4.288692,100.943649,10.533291,0.469367,-0.023057,171.328720,28672.455078,29353.531250,687.633545,-0.341210,-0.589638,94.125694,8721.567383,8859.646484,434.351135,0.369187,0.130829,50.269619,2509.519775,2527.034424,267.099243,0.368924,0.724631,-0.128609,0.495853,-0.602986,0.782652,-0.306144,-0.501493
1.915692,2.680511,3.669876,9.570821,0.641190,1.195434,2.987147,7.101328,8.923046,9.917980,0.021175,-1.058481,9.559218,5.322064,91.378662,11.620258,0.413855,0.377276,156.055603,24221.339844,24353.351563,602.992371,-0.265111,-0.805879,59.186172,3400.169678,3503.003174,256.916016,-0.404183,-0.744271,45.832233,2092.373779,2100.593750,267.099243,0.924883,2.221311,-0.115345,0.457735,-0.434447,0.689473,0.008966,-0.338910
1.827056,3.132441,3.338134,8.477868,0.355102,-0.112992,2.773118,7.678741,7.690184,11.805809,0.275392,-0.392750,9.817962,5.647198,96.392365,11.620258,0.095417,-0.401285,148.847839,22084.416016,22155.679688,540.839722,-0.177494,-1.066744,81.250420,6505.226563,6601.630371,339.419861,-0.217613,-0.533700,33.799564,1016.255737,1142.410645,193.618317,-0.471351,1.405398,-0.529807,0.383428,-0.306911,0.776610,0.051216,-0.075764
2.274281,4.322678,5.172356,9.173384,0.319369,-0.504925,2.756385,6.676366,7.597656,9.724051,-0.193002,-1.098765,9.683922,4.182468,93.778336,8.541315,0.083815,-0.801162,142.128571,20095.853516,20200.529297,503.664124,-0.317532,-1.117520,86.909393,7528.380371,7553.243164,339.419861,-0.253772,-0.873430,37.406425,1112.570679,1399.240723,193.618317,-0.913062,2.064170,-0.610763,0.357492,-0.179161,0.748153,-0.077445,-0.134016
2.139493,3.229836,4.577428,9.064447,0.217299,0.184285,2.640329,6.887022,6.971338,10.134656,-0.261034,-0.921492,9.550377,3.427689,91.209702,9.315840,0.114072,-0.077861,142.164566,20210.115234,20210.761719,479.923645,-0.336116,-1.204968,80.458160,6466.931152,6473.515625,287.251923,-0.175202,-1.137112,35.356831,1226.117310,1250.105591,166.916031,-0.815765,0.847296,-0.638486,0.213301,-0.180282,0.852414,-0.349033,-0.480106
2.199882,3.456816,4.839480,8.092402,-0.081593,-0.467601,2.043738,4.090660,4.176865,7.697359,0.115983,-1.047660,10.064675,5.805580,101.297684,12.403162,0.267737,0.141762,120.624588,14517.135742,14550.291992,479.923645,-0.302493,-0.664411,73.301346,5310.072754,5373.086914,272.473297,-0.303090,-0.783253,45.465031,2067.015625,2067.068848,184.748077,-0.339657,-1.013546,-0.589564,0.290813,-0.129746,0.926402,-0.518473,-0.547611
2.408636,3.957598,5.801527,8.288727,0.226757,-1.001743,1.900084,3.288780,3.610321,7.568071,-0.112174,-0.888098,10.358096,5.973102,107.290146,12.403162,0.065499,-0.178914,95.690269,9133.970703,9156.627930,379.816803,-0.054536,-0.855662,60.300224,3635.906738,3636.116943,230.335876,-0.129644,-0.900551,48.344509,2333.807861,2337.191406,196.778625,0.014721,-0.989934,-0.687995,0.397620,0.010080,0.923628,-0.743516,-0.651540
2.165272,3.660326,4.688404,9.352949,0.507650,-0.324595,1.844145,2.886175,3.400870,7.370550,0.325930,-0.727915,10.109645,4.740549,102.204910,8.140285,0.121648,-1.081442,81.415237,6580.452637,6628.440918,298.290070,0.196735,-1.042116,54.931175,2963.250732,3017.433838,211.190826,0.355478,-1.179014,45.151146,2027.726440,2038.625977,181.129776,-0.198240,-0.763300,-0.698097,0.256198,0.303859,0.908406,-0.760665,-0.718739
1.788093,2.379508,3.197275,8.810662,0.093418,0.333683,1.683693,2.601086,2.834821,7.508216,0.325657,-0.185599,10.286271,5.072575,105.807381,8.164228,-0.067327,-1.178831,81.554817,6627.438965,6651.187988,305.328247,-0.188901,-1.114844,52.347801,2733.572998,2740.292236,185.297699,0.099359,-1.157601,41.045795,1682.153564,1684.757202,157.648865,-0.282016,-0.600095,-0.530296,0.330227,0.180073,0.874676,-0.593617,-0.455611
2.246423,4.436619,5.046417,10.426748,-0.480154,-0.066045,2.234861,4.826514,4.994603,9.196129,-0.420335,-0.617941,10.065419,3.774005,101.312660,8.583213,-0.136988,-0.536030,86.270592,7422.197266,7442.615234,345.603058,-0.309372,-1.119369,63.070469,3957.967285,3977.884033,263.190857,-0.441562,-0.634865,37.791283,1416.474731,1428.180908,164.137405,-0.235351,-0.745938,-0.652532,0.563334,-0.124250,0.816456,-0.283818,-0.292329
2.453768,5.763874,6.020977,10.426748,0.067486,-0.826473,3.038992,8.321964,9.235475,10.947487,0.053928,-1.254605,9.397078,3.039593,88.305061,9.059659,0.464166,0.539873,104.575134,10925.398438,10935.958984,437.007629,0.299756,-0.568030,97.129982,9412.445313,9434.233398,366.885498,0.196141,-0.833134,40.982819,1638.553833,1679.591553,158.000000,-0.235434,-0.919744,-0.765755,0.418496,-0.199481,0.908945,-0.191872,-0.302757
2.153509,4.598723,4.637602,8.801085,0.474193,-0.606266,3.498731,11.517229,12.241120,12.477383,-0.250411,-1.064344,8.876846,4.543111,78.798401,10.520123,0.014047,0.072253,121.630936,14772.783203,14794.084961,458.687012,0.187801,-0.820879,99.852257,9958.541016,9970.473633,366.885498,0.083545,-0.926217,32.069683,1011.514343,1028.464478,150.992371,-0.637519,0.299190,-0.806847,0.504478,-0.460158,0.932478,0.038870,-0.044082
1.718692,2.207718,2.953902,5.974730,0.194089,-0.716761,2.926767,5.043634,8.565966,9.406818,0.047806,-0.638931,9.307667,5.338293,86.632668,9.756372,-0.206077,-0.537438,95.315590,9085.020508,9085.061523,425.679382,-0.265956,0.017049,63.703522,4034.339600,4058.138672,273.511444,-0.557527,0.055179,30.001511,896.705322,900.090637,155.816788,0.556830,0.490608,-0.707981,0.443065,-0.588386,0.920517,0.358254,0.345444
1.481954,1.229881,2.196187,6.256049,-0.152240,0.846810,2.088687,2.393408,4.362612,8.859743,0.233326,1.223818,9.828156,6.021708,96.592651,10.235212,-0.054334,-0.603534,59.036137,3159.585693,3485.265381,250.167938,0.420332,-0.578881,42.896381,1753.951294,1840.099487,161.557251,0.338285,-0.942586,33.010822,1087.642700,1089.714355,155.816788,0.509149,-0.102286,-0.603525,-0.023540,-0.136344,0.822125,0.453605,0.598134
1.787716,1.243461,3.195928,5.559337,-0.679658,0.452115,2.531805,2.123799,6.410037,6.976704,0.901244,0.324300,9.277482,5.422441,86.071678,10.235212,0.051391,-0.392390,62.566612,3769.734131,3914.580811,255.267181,-0.083339,-0.575477,49.406403,2419.059082,2440.992432,200.000000,0.539185,-0.509780,25.288887,624.227112,639.527771,119.175568,0.228346,-0.142121,-0.735549,-0.109215,-0.035268,0.852353,0.137356,0.386601
2.310178,3.719248,5.336921,8.773552,-0.467617,-0.299340,2.617660,3.601435,6.852141,7.767987,0.082981,-0.688764,9.464916,4.893843,89.584648,9.015367,-0.387387,-0.609769,87.547470,7638.342773,7664.560059,349.114502,-0.512946,-0.548327,79.624260,6172.869141,6340.022949,284.824432,-0.334349,-0.896776,24.324783,586.646362,591.695129,134.366409,-0.146246,0.420890,-0.658160,0.559691,-0.406823,0.841018,-0.437119,-0.235513
3.696838,9.383906,13.666613,11.847707,-0.320460,-1.181446,2.748761,6.742785,7.555688,10.225636,-0.130565,-1.075867,8.988071,8.870728,80.785423,12.974178,-0.111968,-0.928353,115.011528,13220.555664,13227.652344,548.137390,0.579009,0.137627,110.159157,12123.820313,12135.039063,392.488525,0.032279,-1.262669,28.101072,786.291687,789.670227,134.366409,-0.035439,-0.320447,-0.707615,0.878890,-0.702699,0.876932,-0.194825,-0.038330
3.997118,8.517200,15.976952,12.739547,0.290682,-0.707463,3.813805,11.552250,14.545106,12.293028,-0.259906,-1.065658,7.977260,11.259494,63.636673,14.134170,0.312941,-0.953517,124.257233,15058.625977,15439.860352,581.832031,0.704063,0.444398,110.045441,10785.472656,12109.999023,400.152649,0.603368,-0.416902,34.161697,1164.869751,1167.021606,152.091614,0.451735,-0.539047,-0.750580,0.735934,-0.784458,0.928764,0.423553,0.464288
3.198231,9.942775,10.228683,9.516952,0.099140,-1.528282,3.927243,14.719917,15.423242,12.212823,0.102442,-1.426084,8.526295,9.741541,72.697708,12.327744,-0.141953,-0.844401,107.136543,11353.840820,11478.238281,484.931274,-0.306054,0.231672,92.402893,8535.122070,8538.293945,384.000000,0.083575,-0.282751,29.639198,864.011292,878.482056,152.091614,0.507483,0.462268,-0.905761,0.594214,-0.656551,0.920094,0.568358,0.539136
3.190032,9.840337,10.176301,11.088745,-0.134999,-1.098485,3.282033,10.467646,10.771744,11.022905,0.070945,-1.237209,9.086782,7.062798,82.569595,10.474632,0.229429,-0.739753,110.324577,11063.819336,12171.512695,437.435120,-0.188167,0.055725,104.524551,10640.478516,10925.381836,437.847351,-0.310348,0.043984,30.616026,911.216431,937.341003,148.106873,0.791772,0.896805,-0.904000,0.549834,-0.551691,0.947885,0.551980,0.502237
2.784318,5.011259,7.752427,9.226056,-0.422342,-0.603220,3.622858,6.125608,13.125103,9.985018,0.001896,-1.128621,9.238686,11.322268,85.353310,15.984887,-0.083965,-0.560441,144.796326,20929.859375,20965.974609,560.259521,-0.167259,-0.919692,124.170868,15323.458984,15418.404297,441.282440,-0.142288,-0.869419,37.388088,1366.526367,1397.869263,153.099228,0.243812,-0.548589,-0.700104,0.617846,-0.728530,0.975046,0.647095,0.651917
1.913813,3.610998,3.662680,7.892486,0.076430,-0.569263,3.093981,7.209926,9.572717,11.043255,0.211477,-0.771837,9.562323,12.428788,91.438011,15.984887,-0.469872,-0.475633,154.226929,23691.755859,23785.945313,575.267212,-0.268582,-0.984417,134.539398,17853.814453,18100.847656,492.244293,-0.278584,-0.988265,35.503490,1255.196167,1260.497803,151.816803,-0.535517,-0.450281,-0.782407,0.488734,-0.535614,0.971324,0.254638,0.282559
1.858110,3.233961,3.452574,9.464279,0.435780,-0.040681,2.120278,4.377433,4.495579,9.817424,-0.236255,-0.711216,10.060864,9.069545,101.220993,13.305776,-0.562280,-0.285519,154.303741,23267.273438,23809.646484,562.473267,-0.116291,-0.975646,128.086441,16002.063477,16406.136719,512.335876,-0.065459,-0.799833,36.653587,1253.899170,1343.485474,165.083969,-0.695813,0.135993,-0.659404,0.522523,-0.500991,0.945588,-0.304904,-0.222250
2.299973,5.274156,5.289876,12.600683,-0.533202,0.268224,2.382845,5.171510,5.677951,13.249512,0.001644,-0.244381,10.021053,6.710599,100.421516,12.012907,0.099830,-0.641476,168.828918,28502.894531,28503.205078,642.244263,-0.283902,-0.838250,119.836273,14309.551758,14360.732422,473.175568,-0.134466,-0.878865,33.568188,1124.160400,1126.823242,163.145035,0.103139,-0.795475,-0.734518,0.485632,-0.561543,0.950519,-0.505456,-0.543801
2.726153,7.431909,7.431911,13.183672,-0.002838,0.020066,2.490548,5.997824,6.202827,12.926295,0.490601,0.203750,9.562253,5.150063,91.436691,12.012907,0.199577,-0.010223,163.726379,26785.078125,26806.326172,617.893127,-0.281007,-0.877384,139.811005,19532.171875,19547.115234,470.061066,-0.487743,-0.974228,30.019585,749.813110,901.175415,120.458008,0.484103,-0.420815,-0.825558,0.423909,-0.467872,0.931008,-0.454851,-0.400544
2.480235,5.261530,6.151566,10.802638,0.425921,0.218757,2.098655,2.658961,4.404351,7.916428,-0.401520,0.359728,10.043803,6.674249,100.877975,16.371552,-0.086719,0.340579,133.105789,17693.708984,17717.150391,462.854980,0.176731,-1.088678,129.305862,16554.472656,16720.007813,498.061066,-0.352267,-0.725269,39.999672,1596.457275,1599.973633,208.137405,-0.172651,0.014624,-0.700355,0.341495,-0.075868,0.926779,-0.487358,-0.254894
1.504167,1.935867,2.262519,8.067263,1.658284,3.434869,1.193347,1.210537,1.424078,6.961142,-1.343346,3.974871,10.167425,5.075891,103.376526,16.371552,-0.312592,2.446153,83.470009,6944.696289,6967.242188,401.618347,0.555380,1.394451,70.851028,4953.454590,5019.868652,381.725189,0.174585,2.233046,34.178047,1139.270142,1168.139038,208.137405,-0.370669,2.339414,-0.595184,0.249023,0.133753,0.900725,-0.680899,-0.427450
0.173363,0.024252,0.030055,1.459266,-3.532067,20.333813,0.138222,0.016348,0.019105,1.277307,4.921807,29.769920,9.860713,0.088020,97.233665,2.861071,5.349344,34.327904,1.477567,2.182654,2.183206,20.503817,-4.859154,47.309818,6.211662,37.505291,38.584751,48.335880,5.020248,25.693306,0.369968,0.136746,0.136877,3.740458,-2.139513,13.086251,-0.660654,-0.877379,0.826841,-0.247541,-0.063839,-0.065326
1.174525,1.377141,1.379509,10.814610,0.570645,9.797257,1.228281,1.485800,1.508674,11.239580,1.323846,6.081355,9.862862,1.516280,97.276047,13.406332,-0.687440,11.384895,46.275620,2100.859131,2141.433105,273.557251,-1.978435,4.868973,34.167282,1164.001465,1167.403076,275.679382,0.306725,6.284166,18.479530,335.388214,341.493073,115.083969,0.753204,4.150462,0.039392,-0.363324,-0.010304,-0.018483,0.634758,-0.171360
2.071405,3.801725,4.290719,10.814610,0.642039,0.710113,2.096536,4.372383,4.395463,11.239580,0.371393,-0.022951,9.832073,3.175220,96.669670,13.406332,-0.529310,1.659723,98.694809,9729.231445,9740.666016,398.625946,0.082960,-0.415926,74.471214,5542.037598,5545.961914,350.793884,0.165529,0.058706,26.169661,598.824097,684.851135,115.083969,0.138551,0.027974,0.314730,-0.559339,-0.478801,-0.624885,0.669952,-0.353234
1.861266,2.476989,3.464313,6.416461,1.098296,0.655277,2.551854,5.350722,6.511958,11.014524,0.214643,-0.438799,9.618582,2.330996,92.517113,7.644686,-0.416059,-0.251250,134.755905,18123.738281,18159.152344,470.381683,0.009098,-1.284033,72.249474,5126.553711,5219.986328,350.793884,0.344502,0.294042,38.091679,1398.916382,1450.975952,194.458008,0.010506,0.522805,0.645956,-0.683025,-0.640988,-0.663516,0.705611,-0.363369
1.705745,1.458719,2.909566,4.643554,-0.074187,-1.044232,2.787470,5.383716,7.769990,8.560469,-0.362643,-1.236337,9.490169,1.093732,90.063293,4.441244,0.075582,-0.951597,140.879959,19768.257813,19847.162109,470.381683,0.220117,-1.294751,52.285923,2669.137695,2733.817871,232.091614,-0.419689,-0.539946,37.957127,1435.739258,1440.743408,194.458008,0.479664,0.691808,0.412990,-0.506625,-0.299738,-0.543046,0.302921,-0.055365
2.052058,1.304495,4.210941,5.141548,-0.260453,-0.841970,2.713695,5.683361,7.364139,8.361750,-0.462352,-1.195780,9.722351,2.884064,94.524101,10.849325,0.710536,1.496254,137.376297,18868.255859,18872.246094,476.564880,0.131858,-1.203307,57.406963,3294.487305,3295.559570,248.244278,-0.311508,-0.650751,35.823376,1279.450195,1283.314331,191.770996,0.272344,0.938023,-0.041651,-0.596102,0.384951,-0.196464,0.286760,0.375043
2.110301,0.809733,4.453369,4.203021,-0.239965,-0.471460,2.698603,5.580317,7.282456,7.449558,-0.241628,-1.316131,9.615035,3.067062,92.448898,10.849325,0.818904,1.266429,140.657745,19762.958984,19784.599609,515.664124,-0.300159,-1.103312,45.521564,2052.315674,2072.212891,202.824432,0.114191,-0.611899,35.986790,1294.786865,1295.049072,191.770996,0.037449,0.694917,-0.350204,-0.524094,0.590453,0.060892,0.719834,0.240557
2.202127,0.500894,4.849365,4.092888,0.556105,1.105692,2.856406,5.921768,8.159056,8.275558,0.116359,-1.393870,9.335704,2.359768,87.155373,8.413225,-0.025069,0.388684,151.032547,22810.396484,22810.828125,546.076294,-0.125688,-1.124058,46.891926,2165.688965,2198.852539,211.404587,-0.579401,0.098226,32.615646,1041.596191,1063.780273,141.221375,-0.107172,-0.842717,-0.180832,-0.427938,0.465696,-0.041955,0.693047,0.140667
2.280480,0.611042,5.200589,4.452018,0.290421,0.307990,2.630858,5.656572,6.921415,8.834604,-0.034432,-1.301802,9.672364,3.057034,93.554626,8.413225,-0.173439,-0.366701,141.998566,20155.255859,20163.591797,546.076294,0.208242,-0.962899,54.284916,2874.954590,2946.852051,225.145020,-0.650658,-0.131603,33.815048,1103.429199,1143.457520,141.221375,0.234736,-0.729131,-0.048789,-0.303138,0.619845,-0.279472,0.604071,-0.090382
2.176438,1.618184,4.736884,6.014235,-0.513741,-0.322814,2.192928,4.199993,4.808932,9.226056,-0.385808,-0.640907,9.864072,2.298787,97.299911,9.194933,0.783335,1.101699,119.647377,14280.193359,14315.495117,487.053436,0.165765,-0.860140,65.074669,4062.758057,4234.712402,267.083954,-0.221106,-0.563121,30.435965,921.074463,926.347961,121.190842,0.123618,-0.721402,0.332871,-0.259045,0.289141,-0.553814,0.527038,-0.155376
1.918234,3.503920,3.679622,27.436356,-2.217744,26.519972,1.742769,3.026157,3.037245,18.892647,0.635868,10.746258,10.189423,20.845814,103.824341,72.098984,-3.169230,37.839237,93.062691,8636.185547,8660.665039,543.832031,-0.401297,0.909231,64.371857,4006.771484,4143.735840,526.198486,0.259641,1.698445,25.387114,611.542236,644.505554,121.190842,-0.043109,0.485207,0.133790,0.098037,-0.279108,-0.326050,0.525076,0.022797
1.379037,1.867716,1.901744,27.436356,-5.553691,86.789925,1.028440,1.008016,1.057689,18.028339,6.873539,89.326744,10.201273,19.803562,104.065979,72.098984,-3.520761,42.407097,43.561008,1897.444336,1897.561401,483.419830,-2.665662,23.094185,36.415695,1317.758667,1326.102905,526.198486,0.848490,28.532400,11.950603,140.201889,142.816910,87.053436,1.104475,5.951712,0.063930,0.181892,-0.358180,0.312770,0.321267,0.120614
0.086834,0.007365,0.007540,0.548272,-0.638541,1.669483,0.048198,0.001939,0.002323,0.320823,0.137743,1.816061,9.803776,0.006134,96.114021,0.792480,-0.054696,6.961921,0.168797,0.028448,0.028493,1.725191,1.726289,10.607704,0.176123,0.030994,0.031019,1.755725,-1.231080,8.333116,0.399620,0.158323,0.159696,2.900764,-0.137628,3.635394,-0.575310,0.038628,-0.155503,-0.707992,-0.038659,0.013555
0.072187,0.005048,0.005211,0.548272,-0.670930,4.115683,0.040779,0.001289,0.001663,0.320823,0.148271,4.079550,9.804679,0.001903,96.131737,0.695516,0.819628,21.978525,0.129197,0.016262,0.016692,1.389313,3.859794,27.279984,0.130085,0.016422,0.016922,1.664122,-3.289089,26.377413,0.295132,0.081580,0.087103,2.366412,2.060678,8.548361,-0.652315,0.230150,-0.098914,-0.662255,0.021085,-0.001841
0.021250,0.000276,0.000452,0.112527,0.578398,1.397284,0.022570,0.000154,0.000509,0.081403,-0.064765,0.206633,9.806719,0.000297,96.171738,0.105345,0.054631,-0.203548,0.046477,0.002142,0.002160,0.290076,-0.019921,-0.121428,0.051953,0.002686,0.002699,0.290076,-0.037625,0.059954,0.057733,0.002344,0.003333,0.259542,-0.068527,-0.109326,-0.306345,0.063739,-0.093063,-0.030142,0.007973,-0.073930
0.018872,0.000125,0.000356,0.065841,0.144909,0.079683,0.020688,0.000125,0.000428,0.067038,-0.002237,-0.215850,9.810196,0.000283,96.239944,0.100556,-0.087165,-0.113136,0.042040,0.001763,0.001767,0.229008,-0.147713,-0.047222,0.054010,0.002917,0.002917,0.290076,0.002583,-0.240397,0.059503,0.002381,0.003541,0.274809,-0.211493,-0.154601,-0.130437,0.074322,-0.022773,-0.001173,0.173809,-0.068069
0.020014,0.000113,0.000401,0.062249,0.217209,0.089989,0.020101,0.000100,0.000404,0.053870,0.097242,-0.171092,9.810846,0.000291,96.252701,0.093373,-0.085470,-0.248374,0.042529,0.001795,0.001809,0.244275,-0.180082,0.352106,0.052533,0.002758,0.002760,0.259542,0.172232,-0.503385,0.062581,0.002713,0.003916,0.274809,-0.071202,-0.506709,-0.009087,0.024685,-0.023586,0.133754,0.034284,-0.055849
0.019089,0.000104,0.000364,0.061052,0.017211,-0.040983,0.020529,0.000095,0.000421,0.057461,0.044019,-0.034791,9.810915,0.000298,96.254051,0.093374,-0.102680,-0.227097,0.045681,0.002059,0.002087,0.259542,-0.041970,0.159117,0.051942,0.002694,0.002698,0.274809,-0.024893,-0.430743,0.057002,0.002425,0.003249,0.259542,0.021830,-0.370044,0.066242,0.020163,0.040753,0.124549,-0.064497,0.006155
0.019055,0.000103,0.000363,0.053870,-0.183247,-0.168464,0.021183,0.000103,0.000449,0.056264,-0.075873,-0.272390,9.810619,0.000318,96.248260,0.100556,-0.164963,-0.024600,0.047684,0.002214,0.002274,0.290076,0.087387,0.125057,0.051858,0.002679,0.002689,0.259542,-0.020869,-0.388546,0.056359,0.002398,0.003176,0.274809,-0.097840,-0.110649,0.033742,0.068992,0.074929,0.004764,-0.000545,-0.064215
0.019989,0.000127,0.000400,0.068235,0.027664,0.040794,0.021156,0.000092,0.000448,0.053870,-0.081330,-0.080243,9.809228,0.000315,96.220955,0.100556,-0.029112,-0.050298,0.046671,0.002151,0.002178,0.290076,-0.137784,0.381991,0.055484,0.003065,0.003078,0.305344,-0.041914,-0.257005,0.059243,0.002617,0.003510,0.290076,-0.151315,-0.134191,0.152880,0.112427,0.043363,0.029341,0.036788,-0.061117
0.018912,0.000122,0.000358,0.068235,0.017828,-0.179782,0.021113,0.000090,0.000446,0.052672,-0.049024,-0.268093,9.809140,0.000298,96.219238,0.102951,0.022865,-0.139866,0.044766,0.001972,0.002004,0.320611,-0.189986,0.584086,0.058550,0.003406,0.003428,0.320611,-0.039974,-0.274906,0.056261,0.002324,0.003165,0.290076,-0.182112,-0.123381,0.083584,0.096580,0.062635,0.040062,-0.012329,-0.057227
0.017874,0.000120,0.000319,0.059855,0.069685,-0.064113,0.021863,0.000095,0.000478,0.046687,-0.002995,-0.623810,9.809197,0.000309,96.220360,0.102951,0.071219,-0.211936,0.044550,0.001980,0.001985,0.320611,0.112239,0.482789,0.054691,0.002986,0.002991,0.305344,-0.008588,-0.111995,0.053266,0.002125,0.002837,0.290076,-0.226210,0.101315,-0.065586,-0.072581,0.029608,0.037755,-0.003937,-0.118760
0.017840,0.000133,0.000318,0.070629,-0.094555,0.118933,0.021912,0.000101,0.000480,0.055067,0.068678,-0.336676,9.808498,0.000332,96.206650,0.101754,0.115867,-0.408054,0.044057,0.001941,0.001941,0.259542,0.089326,0.174718,0.052004,0.002684,0.002704,0.305344,-0.115177,-0.052506,0.056622,0.002404,0.003206,0.290076,0.041047,0.174451,0.000513,-0.066949,0.087451,0.009973,-0.025504,0.003383
0.017487,0.000122,0.000306,0.070629,-0.043295,-0.113743,0.021739,0.000103,0.000473,0.064643,-0.066386,0.141978,9.808541,0.000335,96.207474,0.093374,0.141094,-0.436783,0.042385,0.001774,0.001797,0.244275,-0.006300,0.004407,0.054037,0.002906,0.002920,0.335878,0.036630,0.056758,0.056859,0.002444,0.003233,0.244275,0.218764,-0.143883,0.045586,0.056402,0.096294,-0.051250,-0.056817,0.068981
0.017312,0.000116,0.000300,0.069432,0.025215,0.158709,0.022419,0.000109,0.000503,0.062249,-0.143096,-0.139847,9.808877,0.000300,96.214073,0.099360,0.074108,-0.063941,0.040673,0.001624,0.001654,0.229008,-0.044097,-0.086878,0.053544,0.002856,0.002867,0.320611,0.295924,0.344050,0.054295,0.002272,0.002948,0.290076,0.035474,-0.132057,0.093462,-0.011076,0.010019,-0.085459,-0.060025,0.011531
0.017925,0.000122,0.000321,0.069432,-0.189560,0.167382,0.021561,0.000116,0.000465,0.069432,0.037674,0.009063,9.809774,0.000297,96.231682,0.105345,0.096544,0.231921,0.042843,0.001809,0.001836,0.259542,-0.012677,0.121484,0.052467,0.002749,0.002753,0.290076,0.339897,0.430609,0.055918,0.002388,0.003127,0.320611,0.000409,-0.095717,0.033690,-0.038927,-0.083513,0.017008,-0.040791,0.086681
0.017526,0.000125,0.000307,0.061052,-0.234169,-0.137561,0.020964,0.000102,0.000439,0.071826,0.029100,0.553565,9.811139,0.000352,96.258453,0.107739,-0.053536,0.187420,0.043558,0.001854,0.001897,0.274809,0.048955,0.271481,0.054215,0.002893,0.002939,0.305344,0.056986,0.002509,0.054284,0.002448,0.002947,0.290076,0.083129,-0.111675,-0.069747,-0.019057,-0.075142,0.102010,0.086821,0.048536
0.016756,0.000110,0.000281,0.062249,-0.084299,-0.004701,0.020927,0.000088,0.000438,0.059855,-0.170425,0.265623,9.809045,0.000355,96.217354,0.108936,-0.038751,0.040043,0.044393,0.001926,0.001971,0.305344,0.170970,0.482393,0.056843,0.003168,0.003231,0.305344,0.109356,-0.249763,0.052561,0.002281,0.002763,0.259542,0.074134,-0.119794,0.026243,-0.048221,0.036007,0.053569,0.025024,-0.019389
0.016847,0.000109,0.000284,0.061052,-0.002395,-0.279499,0.020598,0.000088,0.000424,0.059855,-0.076532,0.052837,9.809449,0.000305,96.225288,0.104148,-0.029270,-0.169098,0.048134,0.002249,0.002317,0.290076,0.021259,0.029574,0.052116,0.002714,0.002716,0.305344,0.213391,0.062309,0.054909,0.002234,0.003015,0.259542,0.103060,-0.220016,0.073776,-0.045094,0.078679,0.001854,-0.074679,0.015612
0.017869,0.000118,0.000319,0.057461,-0.046115,-0.368151,0.020956,0.000103,0.000439,0.061052,-0.043109,-0.082612,9.812407,0.000286,96.283348,0.093374,0.009958,-0.095810,0.050842,0.002350,0.002585,0.290076,-0.158305,0.018524,0.046783,0.002184,0.002189,0.305344,0.013723,0.271855,0.054787,0.002310,0.003002,0.305344,-0.084158,-0.020420,0.092920,-0.049849,0.128776,0.027086,-0.053889,-0.003138
0.018275,0.000107,0.000334,0.055067,0.045380,-0.172812,0.021746,0.000125,0.000473,0.068235,0.139458,-0.150459,9.811992,0.000288,96.275185,0.101754,0.236828,-0.242815,0.047377,0.002105,0.002245,0.290076,-0.087305,0.204270,0.053123,0.002805,0.002822,0.290076,0.068384,-0.104454,0.055689,0.002463,0.003101,0.335878,-0.048571,0.230954,0.082223,0.000131,0.147100,-0.017524,-0.066304,-0.060724
0.018553,0.000110,0.000344,0.053870,-0.022304,-0.378405,0.022062,0.000128,0.000487,0.068235,0.157795,0.001685,9.811372,0.000284,96.263023,0.100557,0.104783,-0.252297,0.042529,0.001736,0.001809,0.229008,-0.241664,-0.068648,0.057135,0.003260,0.003264,0.320611,-0.151338,-0.112137,0.056396,0.002580,0.003180,0.320611,0.044081,0.226544,0.033234,0.018537,0.008623,-0.058515,0.040611,0.016165
0.017916,0.000120,0.000321,0.063446,-0.006498,-0.196523,0.021418,0.000111,0.000459,0.067038,0.000138,-0.113086,9.812292,0.000304,96.281075,0.096966,-0.071166,-0.358067,0.042721,0.001811,0.001825,0.213740,-0.148800,-0.283549,0.054765,0.002984,0.002999,0.335878,-0.151558,0.347768,0.060575,0.002982,0.003669,0.366412,0.319784,0.115949,0.010766,0.008518,-0.081376,0.083424,0.009593,0.090042
0.017896,0.000119,0.000320,0.067038,0.013680,0.063240,0.021910,0.000112,0.000480,0.055067,-0.009486,-0.407350,9.813278,0.000327,96.300423,0.096966,-0.099204,-0.445549,0.043310,0.001861,0.001876,0.244275,-0.031789,-0.156185,0.051099,0.002578,0.002611,0.351145,-0.080971,0.769909,0.064975,0.003050,0.004222,0.335878,0.208764,-0.278240,-0.040022,0.000219,0.049320,0.159969,-0.062123,0.018209
0.019294,0.000111,0.000372,0.063446,-0.124736,0.058963,0.022554,0.000114,0.000509,0.059855,-0.064815,-0.271849,9.813361,0.000321,96.302063,0.096966,0.033216,-0.171581,0.044993,0.001833,0.002024,0.259542,-0.066513,-0.106981,0.053566,0.002820,0.002869,0.351145,-0.119812,0.465967,0.061841,0.002365,0.003824,0.259542,-0.089375,-0.270637,0.020455,-0.007040,0.099400,0.043187,0.001706,-0.037581
0.018423,0.000103,0.000339,0.058658,-0.235619,-0.044404,0.021808,0.000099,0.000476,0.057461,-0.229295,-0.143881,9.810554,0.000306,96.246956,0.092177,0.224738,0.015672,0.043108,0.001747,0.001858,0.244275,-0.072216,-0.222943,0.053517,0.002835,0.002864,0.305344,-0.042457,0.290520,0.061582,0.002217,0.003792,0.290076,0.136256,-0.092126,0.040911,-0.039981,0.035169,-0.051944,0.061838,0.040120
0.017244,0.000103,0.000297,0.061052,-0.085246,-0.005889,0.021351,0.000098,0.000456,0.057461,-0.043534,-0.497271,9.811017,0.000302,96.256058,0.099360,0.040405,-0.086588,0.044563,0.001896,0.001986,0.244275,-0.247166,-0.232996,0.051751,0.002654,0.002678,0.320611,0.038900,0.291833,0.060029,0.002354,0.003604,0.351145,0.102595,0.213866,0.034463,-0.020450,-0.018465,0.003210,-0.037540,0.084691
0.018707,0.000113,0.000350,0.065841,0.014293,0.355338,0.022576,0.000104,0.000510,0.053870,0.009242,-0.547952,9.812145,0.000295,96.278191,0.096965,-0.114264,-0.086992,0.047433,0.002154,0.002250,0.305344,-0.021442,0.141133,0.052777,0.002776,0.002785,0.305344,-0.018393,0.133670,0.052837,0.002208,0.002792,0.305344,-0.079211,0.255941,0.005066,-0.038109,-0.048515,0.029170,-0.044546,-0.017040
